{
    "learning_rate": 0.0005567794930307401,
    "hidden_dim": 128,
    "num_layers": 3,
    "dropout_rate": 0.20274311255777974,
    "gamma": 0.9983819664880188,
    "gae_lambda": 0.9453116642795019,
    "clip_ratio": 0.23489569730216295,
    "ppo_epochs": 13,
    "batch_size": 256,
    "entropy_coef": 0.0003387154345547915,
    "value_coef": 0.4443011351953318,
    "update_frequency": 2386,
    "adam_beta1": 0.8954703941853607,
    "adam_beta2": 0.9931024631297259
}