{
    "learning_rate": 0.00013672301138405844,
    "hidden_dim": 256,
    "num_layers": 3,
    "dropout_rate": 0.29848044095633763,
    "gamma": 0.976182738341991,
    "gae_lambda": 0.9247552478110529,
    "clip_ratio": 0.18730903333641763,
    "ppo_epochs": 9,
    "batch_size": 64,
    "entropy_coef": 0.0033609139223597416,
    "value_coef": 0.43197785729901544,
    "n_steps": 128,
    "adam_beta1": 0.8954180387606185,
    "adam_beta2": 0.9911641600698771
}