{
    "gamma": 0.9905901148468622,
    "gae_lambda": 0.9426784123902225,
    "clip_ratio": 0.22877864369781284,
    "value_coef": 0.4112372675844798,
    "entropy_coef": 0.00015192970919454855,
    "adam_beta1": 0.8847626307474279,
    "pbrs_variance_weight": 2.9881060246804405,
    "pbrs_edge_cut_weight": 1.2461495299855996,
    "pbrs_modularity_weight": 1.3742663450187955
}