{
    "learning_rate": 0.0004198821242327627,
    "hidden_dim": 64,
    "num_layers": 4,
    "dropout_rate": 0.4694718796138829,
    "gamma": 0.9859724540089578,
    "epsilon_decay": 0.9970272936326728,
    "batch_size": 256,
    "target_update_freq": 66,
    "memory_size": 20000,
    "adam_beta1": 0.9458103897075469,
    "adam_beta2": 0.9901042991443469
}