{
    "episodes": 2000,
    "max_steps": 100,
    "batch_size": 128,
    "methods": [
        "gnn",
        "gnn_ppo",
        "greedy",
        "spectral",
        "metis",
        "dqn",
        "ppo",
        "random"
    ],
    "potential_weights": {
        "variance": 2.9881060246804405,
        "edge_cut": 1.2461495299855996,
        "modularity": 1.3742663450187955
    },
    "dqn_config": {
        "learning_rate": 0.00034139312481129536,
        "hidden_sizes": [
            512,
            256
        ],
        "gamma": 0.9355503375379669,
        "epsilon_decay": 0.9914169484915103,
        "batch_size": 512,
        "target_update_freq": 15,
        "memory_capacity": 2000,
        "epsilon": 1.0,
        "epsilon_min": 0.01,
        "jit_compile": true
        
    },
    "gnn_config": {
        "learning_rate": 0.0004198821242327627,
        "hidden_dim": 64,
        "num_layers": 4,
        "dropout_rate": 0.4694718796138829,
        "gamma": 0.9859724540089578,
        "epsilon_decay": 0.9970272936326728,
        "batch_size": 256,
        "target_update_freq": 66,
        "memory_size": 20000,
        "adam_beta1": 0.9458103897075469,
        "adam_beta2": 0.9901042991443469,
        "epsilon": 1.0,
        "epsilon_min": 0.01,
        "jit_compile": false
    },
    "ppo_config": {
        "learning_rate": 0.0002368140184225926,
        "hidden_dim": 128,
        "gamma": 0.966382464092941,
        "gae_lambda": 0.947215353198062,
        "clip_ratio": 0.21991770987453751,
        "ppo_epochs": 2,
        "batch_size": 256,
        "entropy_coef": 0.015247864825037727,
        "value_coef": 0.5024500810050793,
        "update_frequency": 9
    },
    "gnn_ppo_config": {
        "learning_rate": 0.00013672301138405844,
        "hidden_dim": 256,
        "num_layers": 3,
        "dropout_rate": 0.29848044095633763,
        "gamma": 0.9905901148468622,
        "gae_lambda": 0.9426784123902225,
        "clip_ratio": 0.22877864369781284,
        "ppo_epochs": 9,
        "batch_size": 64,
        "value_coef": 0.4112372675844798,
        "entropy_coef": 0.00015192970919454855,
        "update_frequency": 2048,
        "adam_beta1": 0.8847626307474279,
        "adam_beta2": 0.9911641600698771,
        "jit_compile": true,
        "use_cuda_streams": true
    },
    "tensorboard_config": {
        "log_dir": "runs",
        "log_freq": 1,
        "histogram_freq": 10
    }
}