{
    "episodes": 1000,
    "max_steps": 100,
    "batch_size": 128,
    "methods": [
        "gnn_ppo",
        "greedy",
        "spectral",
        "metis",
        "dqn",
        "gnn",
        "ppo",
        "random"
    ],
    "dqn_config": {
        "learning_rate": 0.00034139312481129536,
        "hidden_sizes": [
            512,
            256
        ],
        "gamma": 0.9355503375379669,
        "epsilon_decay": 0.9914169484915103,
        "batch_size": 512,
        "target_update_freq": 15,
        "memory_capacity": 2000,
        "epsilon": 1.0,
        "epsilon_min": 0.01,
        "jit_compile": true
        
    },
    "gnn_config": {
        "learning_rate": 1.0550107126090002e-05,
        "hidden_dim": 512,
        "num_layers": 2,
        "dropout_rate": 0.47016566251309905,
        "gamma": 0.9419537913428772,
        "epsilon_decay": 0.9904158488677298,
        "batch_size": 64,
        "target_update_freq": 15,
        "epsilon": 1.0,
        "epsilon_min": 0.01,
        "jit_compile": false
    },
    "ppo_config": {
        "learning_rate": 0.0002368140184225926,
        "hidden_dim": 128,
        "gamma": 0.966382464092941,
        "gae_lambda": 0.947215353198062,
        "clip_ratio": 0.21991770987453751,
        "ppo_epochs": 2,
        "batch_size": 256,
        "entropy_coef": 0.015247864825037727,
        "value_coef": 0.5024500810050793,
        "update_frequency": 9
    },
    "gnn_ppo_config": {
        "learning_rate": 6.655031882329507e-05,
        "hidden_dim": 128,
        "ppo_epochs": 3,
        "batch_size": 256,
        "entropy_coef": 0.009738609166439625,
        "value_coef": 0.4085471232309654,
        "gamma": 0.9919738949079329,
        "gae_lambda": 0.9780016167731173,
        "clip_ratio": 0.18696654423436934,
        "jit_compile": true,
        "use_cuda_streams": true
    },
    "tensorboard_config": {
        "log_dir": "runs",
        "log_freq": 1,
        "histogram_freq": 10
    }
}